income_q,pi_width
0,1.4967274279111271
1,1.3388875819854258
2,1.2948490897401497
3,1.2886907623429888
4,1.346860113550021
