{
  "test_nll": 3.893471305789864,
  "test_interval_coverage_proxy": 0.0385663082437276
}